Country,Attribute,Year,VarName,Variable Name,VarType,Unit,Nominal or Real,Age Groups,Upper Age Group,Single- or Five-Year,Status,Age0,Age1,Age2,Age3,Age4,Age5,Age6,Age7,Age8,Age9,Age10,Age11,Age12,Age13,Age14,Age15,Age16,Age17,Age18,Age19,Age20,Age21,Age22,Age23,Age24,Age25,Age26,Age27,Age28,Age29,Age30,Age31,Age32,Age33,Age34,Age35,Age36,Age37,Age38,Age39,Age40,Age41,Age42,Age43,Age44,Age45,Age46,Age47,Age48,Age49,Age50,Age51,Age52,Age53,Age54,Age55,Age56,Age57,Age58,Age59,Age60,Age61,Age62,Age63,Age64,Age65,Age66,Age67,Age68,Age69,Age70,Age71,Age72,Age73,Age74,Age75,Age76,Age77,Age78,Age79,Age80,Age81,Age82,Age83,Age84,Age85,Age86,Age87,Age88,Age89,Age90,Age91,Age92,Age93,Age94,Age95,Age96,Age97,Age98,Age99,Age100,Age101,Age102,Age103,Age104,Age105,Age106,Age107,Age108,Age109,Age110,Prepared At,Prepared By,Uploaded At,Uploaded By,Country attribute 1,Country attribute 2,Country attribute 3,Country attribute 4,Country attribute 5
United Kingdom,,2015,CGH,"Public Consumption, Health",Mean,Units,Nominal,91,90+,Single,Public,2682.752,804.8257,764.5844,719.3129,670.688,935.6099,848.4204,767.9378,700.869,653.9208,652.2441,655.5976,682.4251,732.7267,798.1188,593.559,643.8605,692.4854,736.0801,771.2913,675.7182,690.8087,699.1923,700.869,697.5156,761.231,752.8474,742.787,732.7267,726.0198,757.8775,759.5542,767.9378,786.3818,813.2093,808.1791,850.0971,902.0754,960.7606,1026.153,947.3469,1012.739,1079.808,1151.907,1225.682,1252.51,1321.255,1386.648,1445.333,1495.634,1597.914,1634.802,1668.337,1706.901,1757.203,1955.056,2055.659,2181.413,2335.671,2510.05,2692.813,2883.959,3068.398,3234.393,3376.914,3913.465,4010.715,4081.137,4131.438,4166.649,5058.665,5095.553,5149.208,5231.367,5352.091,5876.904,6109.968,6396.688,6733.708,7116,6550.946,6944.002,7360.643,7802.282,8270.418,8766.643,9292.642,9850.2,10441.21,11067.68,11731.75,,,,,,,,,,,,,,,,,,,,,2021/12/07 00:00:00 UTC,McCarthy,2021/12/09 16:45:40 UTC,mccarthy,"Northern Europe	",High income,OECD,GB,GBR
United Kingdom,,2015,CFH,"Private Consumption, Health",Mean,Units,Nominal,91,90+,Single,Public,0,6.482077,24.01819,23.95562,26.62294,13.31443,7.059286,27.41966,10.59858,9.612813,19.81611,36.41314,19.94328,31.42295,26.44853,11.05223,126.8865,25.83433,19.47755,43.93735,129.4498,91.66346,105.784,60.30939,80.98126,145.7916,94.08624,78.95971,58.93801,157.5516,75.37791,376.0384,365.3476,296.0705,379.0662,200.7126,214.7057,222.3876,301.6889,353.0977,174.4618,390.8965,415.2088,209.5378,363.3047,236.5379,372.521,302.8991,636.2866,394.0473,719.8029,458.0004,380.0427,425.7432,539.874,415.4458,576.1017,532.168,304.5324,1018.526,389.2212,688.221,624.8104,533.5108,752.4603,370.2235,589.3982,752.9387,401.3797,743.7944,1280.069,653.159,1139.948,549.7374,438.452,282.9116,283.8264,714.5447,536.4263,719.6086,399.3799,423.3427,448.7432,475.6678,504.2078,534.4603,566.528,600.5196,636.5508,674.7438,715.2285,,,,,,,,,,,,,,,,,,,,,2021/12/07 00:00:00 UTC,McCarthy,2021/12/09 16:45:40 UTC,mccarthy,"Northern Europe	",High income,OECD,GB,GBR
United Kingdom,,2014,CGH,"Public Consumption, Health",Mean,Units,Nominal,91,90+,Single,Public,2648.862,794.6587,754.9257,710.2262,662.2156,923.7907,837.7027,758.2368,692.0153,645.6602,644.0046,647.3157,673.8043,723.4705,788.0365,586.0608,635.7269,683.7375,726.7816,761.5479,667.1822,682.082,690.3597,692.0153,688.7042,751.6147,743.337,733.4037,723.4705,716.8483,748.3036,749.9591,758.2368,776.4478,802.9364,797.9698,839.3582,890.6799,948.6238,1013.19,935.3795,999.9455,1066.167,1137.355,1210.199,1236.688,1304.565,1369.131,1427.075,1476.741,1577.729,1614.15,1647.261,1685.339,1735.005,1930.358,2029.691,2153.856,2306.166,2478.342,2658.795,2847.527,3029.636,3193.535,3334.255,3864.028,3960.049,4029.582,4079.248,4114.014,4994.761,5031.183,5084.16,5165.281,5284.48,5802.664,6032.784,6315.881,6648.645,7026.107,6468.19,6856.282,7267.659,7703.719,8165.942,8655.897,9175.252,9725.768,10309.31,10927.87,11583.54,,,,,,,,,,,,,,,,,,,,,2021/12/07 00:00:00 UTC,McCarthy,2021/12/09 16:45:40 UTC,mccarthy,"Northern Europe	",High income,OECD,GB,GBR
United Kingdom,,2014,CFH,"Private Consumption, Health",Mean,Units,Nominal,91,90+,Single,Public,0,0,0,0,0,0,0,0,0,0,0,0,0,0,0,0,0,0,0,0,0,107.594,76.17854,191.7317,162.8834,151.4052,94.09487,162.1908,230.9613,209.0776,99.22953,314.2259,286.7825,264.484,206.9198,184.2388,217.0591,529.6816,441.1732,256.6831,308.8881,226.8411,200.4844,316.716,322.5682,349.4106,272.864,209.0469,352.8619,264.9442,389.4643,362.9029,409.8234,433.2529,432.5151,410.0385,342.1914,274.0392,462.6531,349.513,431.7001,667.6321,525.344,765.8169,402.1929,416.954,543.9236,734.8683,572.5739,1073.138,694.6003,479.2592,585.4283,499.739,2367.185,474.5471,364.8368,533.1069,896.4606,430.5703,556.8037,590.212,625.6247,663.1622,702.9519,745.129,789.8367,837.2269,887.4606,940.7082,997.1506,,,,,,,,,,,,,,,,,,,,,2021/12/07 00:00:00 UTC,McCarthy,2021/12/09 16:45:40 UTC,mccarthy,"Northern Europe	",High income,OECD,GB,GBR
United Kingdom,,2013,CGH,"Public Consumption, Health",Mean,Units,Nominal,91,90+,Single,Public,2560.592,768.1774,729.7686,686.5586,640.1479,893.0063,809.787,732.9693,668.9545,624.1442,622.5438,625.7446,651.3505,699.3616,761.776,566.5309,614.542,660.9527,702.5623,736.17,644.949,659.3523,667.3542,668.9545,665.7538,726.5678,718.566,708.9637,699.3616,692.9601,723.3671,724.9675,732.9693,750.5734,776.1793,771.3782,811.3875,860.9989,917.0118,979.4263,904.2089,966.6233,1030.638,1099.454,1169.87,1195.476,1261.091,1323.506,1379.519,1427.53,1525.152,1560.36,1592.368,1629.176,1677.187,1866.031,1962.053,2082.081,2229.315,2395.753,2570.194,2752.636,2928.677,3087.113,3223.145,3735.263,3828.084,3895.3,3943.311,3976.919,4828.315,4863.523,4914.735,4993.153,5108.38,5609.296,5831.747,6105.41,6427.084,6791.969,6252.645,6627.803,7025.471,7447,7893.82,8367.448,8869.496,9401.666,9965.766,10563.71,11197.53,,,,,,,,,,,,,,,,,,,,,2021/12/07 00:00:00 UTC,McCarthy,2021/12/09 16:45:40 UTC,mccarthy,"Northern Europe	",High income,OECD,GB,GBR
United Kingdom,,2013,CFH,"Private Consumption, Health",Mean,Units,Nominal,91,90+,Single,Public,0,4.138373,5.312232,9.196628,3.24991,5.138708,11.70166,14.30439,7.002788,4.27556,5.928761,68.61891,19.73956,10.75917,16.21211,17.76585,29.19761,25.774,15.6081,14.26889,19.18764,66.04591,127.27,217.8856,253.1903,109.277,246.8693,135.4238,83.55258,257.1313,471.7244,130.3195,191.5904,121.6873,241.077,417.4667,387.4738,165.5893,219.4254,404.357,372.3519,280.0948,212.1139,481.572,419.9985,181.2321,343.2979,401.9774,340.3519,223.0226,441.8885,476.4958,417.6407,513.305,597.8781,506.1904,692.2703,556.1832,462.5395,496.7335,429.2574,280.1454,493.2328,431.2098,510.2393,555.9734,424.2,880.9954,446.721,434.1317,478.2976,752.7845,526.7468,387.096,703.4062,862.2501,327.8629,665.7715,850.5517,879.4168,318.582,337.6969,357.9587,379.4362,402.2024,426.3346,451.9146,479.0295,507.7713,538.2375,570.5317,,,,,,,,,,,,,,,,,,,,,2021/12/07 00:00:00 UTC,McCarthy,2021/12/09 16:45:40 UTC,mccarthy,"Northern Europe	",High income,OECD,GB,GBR
United Kingdom,,2012,CGH,"Public Consumption, Health",Mean,Units,Nominal,91,90+,Single,Public,2524.567,757.3701,719.5015,676.8995,631.1417,880.4427,798.3943,722.6573,659.5431,615.3632,613.7853,616.941,642.1867,689.5223,751.0587,558.5604,605.8961,651.6538,692.678,725.813,635.8752,650.076,657.9652,659.5431,656.3874,716.3458,708.4565,698.9894,689.5223,683.2109,713.1901,714.768,722.6573,740.0137,765.2593,760.5258,799.9721,848.8856,904.1105,965.6468,891.4877,953.024,1016.138,1083.986,1153.411,1178.657,1243.349,1304.885,1360.11,1407.446,1503.695,1538.408,1569.965,1606.256,1653.591,1839.778,1934.449,2052.788,2197.951,2362.048,2534.034,2713.909,2887.473,3043.681,3177.799,3682.712,3774.228,3840.497,3887.833,3920.968,4760.386,4795.099,4845.59,4922.905,5036.511,5530.379,5749.701,6019.514,6336.663,6696.414,6164.677,6534.557,6926.631,7342.229,7782.762,8249.728,8744.712,9269.395,9825.559,10415.09,11040,,,,,,,,,,,,,,,,,,,,,2021/12/07 00:00:00 UTC,McCarthy,2021/12/09 16:45:40 UTC,mccarthy,"Northern Europe	",High income,OECD,GB,GBR
United Kingdom,,2012,CFH,"Private Consumption, Health",Mean,Units,Nominal,91,90+,Single,Public,0,0,0,0,0,0,0,0,0,0,0,21.16941,31.69618,17.82298,34.52045,22.12489,17.12694,21.08258,15.65286,13.00216,22.44605,70.02274,66.80495,74.83974,175.9409,56.01504,117.4593,93.55038,121.9747,111.0343,81.04697,161.2294,173.0597,134.9557,283.2985,325.1825,229.2751,686.3263,307.4359,146.821,528.3317,258.0596,343.2503,163.6984,162.8408,253.6877,320.9407,331.788,436.7803,543.9717,322.1977,466.0442,257.9308,281.0454,380.9952,213.0691,302.6277,362.5564,537.1403,176.8824,190.4276,411.3777,290.8324,294.0743,608.7966,206.0553,332.3285,372.1705,482.8418,313.0655,517.3019,728.0527,801.825,364.9315,1136.222,1381.003,357.4462,767.8583,1277.458,309.9938,554.6417,587.9202,623.1954,660.5871,700.2224,742.2357,786.7699,833.9761,884.0146,937.0555,993.2787,,,,,,,,,,,,,,,,,,,,,2021/12/07 00:00:00 UTC,McCarthy,2021/12/09 16:45:40 UTC,mccarthy,"Northern Europe	",High income,OECD,GB,GBR
United Kingdom,,2011,CGH,"Public Consumption, Health",Mean,Units,Nominal,91,90+,Single,Public,3297.134,517.7642,496.6674,477.4943,455.702,746.4443,706.4326,669.416,638.8597,621.6374,648.6957,634.4739,646.8135,668.9363,697.1373,640.9456,669.5062,701.9982,728.2173,792.7646,650.76,693.8516,735.769,820.2198,869.1552,741.1533,770.8389,843.0881,903.733,932.7139,897.0677,921.4057,887.9641,891.5772,904.1745,979.0298,950.1725,1021.608,1019.012,1049.933,1069.414,1122.612,1151.778,1177.58,1200.991,1468.77,1468.618,1456.935,1426.457,1398.597,1692.809,1661.616,1654.301,1666.14,1698.882,1918.287,2000.148,2102.794,2225.353,2363.954,2448.283,2586.488,2707.947,2828.243,2956.897,3296.139,3423.15,3599.131,3743.194,3890.985,4063.561,4284.125,4422.136,4608.908,4747.904,5283.592,5379.193,5634.698,5697.561,5641.369,5817.374,6166.417,6536.401,6928.585,7344.301,7784.959,8252.057,8747.18,9272.011,9828.332,10418.03,,,,,,,,,,,,,,,,,,,,,2021/12/07 00:00:00 UTC,McCarthy,2021/12/09 16:45:40 UTC,mccarthy,"Northern Europe	",High income,OECD,GB,GBR
United Kingdom,,2011,CFH,"Private Consumption, Health",Mean,Units,Nominal,91,90+,Single,Public,0,18.92583,10.70523,17.68137,8.159738,7.610246,10.56709,15.2971,11.03033,22.75357,12.3069,0,0,0,0,0,0,0,0,0,0,143.2382,141.3034,106.0458,114.4308,245.3523,106.4267,71.83529,206.7026,135.3459,120.3187,224.1694,208.662,151.786,159.6085,145.571,194.6496,205.3083,234.9815,129.3698,140.8728,389.4971,307.9357,315.0319,252.5396,318.1128,240.9405,242.6075,342.0443,355.2325,612.9909,257.3307,262.9534,461.6398,310.9894,405.9113,299.4012,249.5564,161.6573,351.9823,200.5233,678.4084,411.814,1128.142,509.7857,362.8331,465.9235,310.9573,487.3869,275.9597,697.5087,238.8254,480.2397,246.6257,467.7199,1320.74,478.7886,233.4755,525.9155,1726.524,655.8902,695.2437,736.9583,781.1757,828.0463,877.729,930.3928,986.2164,1045.389,1108.113,1174.599,,,,,,,,,,,,,,,,,,,,,2021/12/07 00:00:00 UTC,McCarthy,2021/12/09 16:45:40 UTC,mccarthy,"Northern Europe	",High income,OECD,GB,GBR
United Kingdom,,2010,CGH,"Public Consumption, Health",Mean,Units,Nominal,91,90+,Single,Public,2680.548,595.7986,572.9844,551.7064,531.9945,733.1412,686.9583,653.5225,620.7851,601.3212,591.6395,598.1526,623.7587,656.5315,702.2042,604.9594,643.9489,688.845,727.5982,779.712,637.8286,680.5889,718.7517,793.9161,842.4963,713.4626,770.8253,825.9834,905.7719,904.9774,925.1576,922.4307,906.8964,859.9213,822.9705,1133.578,1040.033,992.1733,945.5742,936.3111,1092.561,1114.338,1133.937,1144.974,1214.964,1359.285,1392.138,1415.477,1489.738,1507.486,1514.022,1568.314,1629.85,1686.875,1749.429,1916.603,2007.199,2066.854,2129.482,2198.673,2493.9,2569.727,2629.184,2743.909,2840.087,3164.352,3323.202,3513.503,3691.412,3875.203,3999.691,4237.468,4409.224,4530.58,4726.476,5187.898,5294.776,5366.86,5600.969,5740.369,5869.949,6222.146,6595.475,6991.203,7410.675,7855.316,8326.635,8826.232,9355.807,9917.154,10512.18,,,,,,,,,,,,,,,,,,,,,2021/12/07 00:00:00 UTC,McCarthy,2021/12/09 16:45:40 UTC,mccarthy,"Northern Europe	",High income,OECD,GB,GBR
United Kingdom,,2010,CFH,"Private Consumption, Health",Mean,Units,Nominal,91,90+,Single,Public,0,72.75741,57.16883,102.0473,41.74542,33.18167,81.8711,21.68311,75.88388,22.83839,19.82174,124.8602,178.3198,76.06502,154.6559,73.09897,106.7577,117.5422,123.1622,115.1882,91.52192,70.8581,76.91797,136.2991,162.5538,53.74337,67.86111,143.2365,143.0536,138.3091,229.1554,104.0344,166.7662,128.1844,131.3994,172.259,161.9121,127.9538,135.5156,163.4532,160.9859,206.8544,260.5421,174.6368,258.551,422.3017,320.3579,295.5083,350.1896,588.63,461.403,399.4138,387.5997,389.8051,359.7585,317.7405,329.2155,343.3756,337.1651,299.1409,495.2534,494.7063,581.2358,349.3341,711.9645,414.3851,507.0814,469.5047,557.5993,331.2674,434.5282,505.2129,407.0059,378.0898,829.6098,354.0766,249.8951,249.2116,302.8359,540.9518,503.2969,533.4947,565.5044,599.4346,635.4007,673.5248,713.9362,756.7724,802.1788,850.3094,901.328,,,,,,,,,,,,,,,,,,,,,2021/12/07 00:00:00 UTC,McCarthy,2021/12/09 16:45:40 UTC,mccarthy,"Northern Europe	",High income,OECD,GB,GBR
United Kingdom,,2009,CGH,"Public Consumption, Health",Mean,Units,Nominal,91,90+,Single,Public,2397.173,646.4438,618.3541,589.0028,564.0574,746.6063,687.8633,645.0902,611.5391,578.3416,642.5308,616.6027,615.0857,619.748,630.6044,632.3064,652.3436,664.0883,692.9041,736.7889,641.1658,673.8243,722.0914,792.8566,873.0051,723.6738,777.9663,848.2213,887.1501,918.2919,861.3378,918.8232,899.45,876.2443,869.8169,977.7678,987.7334,952.1439,979.3622,996.6916,1020.473,1075.49,1106.999,1135.042,1200.261,1284.248,1337.167,1387.606,1430.208,1499.268,1503.252,1565.639,1613.04,1667.862,1739.472,1875.565,1950.364,2027.959,2107.386,2183.254,2483.993,2554.85,2617.935,2722.412,2806.808,3185.756,3314.044,3389.195,3614.852,3753.027,3857.563,4056.542,4272.956,4528.861,4755.153,4973.176,5188.965,5423.137,5526.914,5736.79,5660.125,5999.733,6359.717,6741.299,7145.777,7574.523,8028.995,8510.734,9021.378,9562.661,10136.42,,,,,,,,,,,,,,,,,,,,,2021/12/07 00:00:00 UTC,McCarthy,2021/12/09 16:45:40 UTC,mccarthy,"Northern Europe	",High income,OECD,GB,GBR
United Kingdom,,2009,CFH,"Private Consumption, Health",Mean,Units,Nominal,91,90+,Single,Public,0,55.44173,33.39057,25.68782,15.98945,52.51941,21.75433,49.20331,28.26109,82.48835,30.4643,15.70537,3.637777,4.669024,7.99577,6.73716,5.398766,7.729133,7.359331,8.508639,26.55119,135.506,106.0337,93.39678,72.08742,82.39305,63.32646,153.8746,99.38481,347.3675,111.6623,221.0024,266.8105,365.3309,216.8802,312.552,387.3757,365.6261,210.1573,438.6998,324.8101,307.7242,219.3049,299.2275,160.6455,308.9027,160.7928,214.6846,501.2971,164.7938,219.7644,315.937,462.1833,245.7197,275.6682,589.6387,297.9103,573.3387,374.7266,371.7035,438.4208,261.0962,374.1744,399.5659,410.2297,519.1462,289.9241,288.7679,249.2276,549.3816,885.2354,192.311,442.9233,476.1592,260.7903,331.1048,564.5225,330.3425,396.3689,924.4792,413.6295,438.4473,464.7541,492.6393,522.1978,553.5296,586.7414,621.9459,659.2626,698.8184,740.7475,,,,,,,,,,,,,,,,,,,,,2021/12/07 00:00:00 UTC,McCarthy,2021/12/09 16:45:40 UTC,mccarthy,"Northern Europe	",High income,OECD,GB,GBR
United Kingdom,,2008,CGH,"Public Consumption, Health",Mean,Units,Nominal,91,90+,Single,Public,1908.166,672.7435,637.4655,620.788,597.6097,645.028,620.8015,603.1757,593.4917,590.01,570.7697,565.08,568.3055,582.6118,609.2148,567.3062,598.8383,624.0637,664.0494,687.8383,662.3799,674.5858,683.1583,690.7473,720.7073,724.7381,747.1084,758.8547,793.321,827.9171,753.951,768.3745,822.5886,850.1944,868.7459,864.009,883.3001,911.7278,913.2772,948.1834,990.0104,996.654,1022.049,1043.041,1074.217,1186.757,1245.103,1293.107,1346.128,1408.575,1369.209,1439.975,1485.548,1547.888,1603.829,1799.488,1843.64,1881.877,1914.115,1954.803,2307.172,2367.082,2449.212,2549.031,2663.519,2866.354,3026.952,3220.896,3449.146,3654.973,3547.764,3715.479,3998.836,4222.452,4576.749,4568.45,4721.611,4961.563,5158.174,5339.617,5518.564,5849.678,6200.659,6572.698,6967.06,7385.083,7828.189,8297.88,8795.753,9323.498,9882.908,,,,,,,,,,,,,,,,,,,,,2021/12/07 00:00:00 UTC,McCarthy,2021/12/09 16:45:40 UTC,mccarthy,"Northern Europe	",High income,OECD,GB,GBR
United Kingdom,,2008,CFH,"Private Consumption, Health",Mean,Units,Nominal,91,90+,Single,Public,0,0,0,0,0,0,0,0,0,0,0,0,0,0,0,0,0,0,0,0,0,364.9337,141.6165,165.3364,267.6936,179.4071,273.7599,172.1446,140.5763,209.2568,232.2149,106.8023,257.3508,123.9358,149.0508,302.1949,89.86119,188.4471,198.6279,405.0296,109.2126,244.3259,313.7009,319.442,240.5689,217.6159,344.0622,656.8768,385.3392,202.1697,262.4699,473.6314,257.6499,372.4781,326.2263,580.8527,587.595,888.1295,368.9828,584.378,286.5621,276.417,434.8561,363.4134,283.3492,216.7099,350.4855,188.9777,276.0315,231.9091,289.341,178.5842,297.734,293.4087,437.0966,289.0702,404.3987,472.799,384.3555,328.3611,368.1577,390.2472,413.662,438.4818,464.7906,492.6781,522.2388,553.5731,586.7875,621.9948,659.3144,,,,,,,,,,,,,,,,,,,,,2021/12/07 00:00:00 UTC,McCarthy,2021/12/09 16:45:40 UTC,mccarthy,"Northern Europe	",High income,OECD,GB,GBR
United Kingdom,,2007,CGH,"Public Consumption, Health",Mean,Units,Nominal,91,90+,Single,Public,1285.261,830.6138,767.8679,722.7226,666.5039,660.7093,619.1345,582.3729,547.3606,521.8796,528.5615,518.2592,526.4261,547.4335,574.3109,530.5839,556.6396,587.7319,612.7865,639.6437,593.4313,610.6974,641.4489,651.7789,676.9277,664.8357,711.02,719.412,730.8464,761.3285,742.7979,742.8794,752.1232,769.38,762.1971,824.9639,838.4871,844.6813,875.2586,902.0883,926.0445,939.8256,983.1155,1006.314,1014.575,1150.846,1178.5,1222.717,1234.842,1273.211,1320.831,1368.94,1422.303,1480.887,1538.141,1654.751,1720.943,1796.714,1878.365,1968.528,2103.216,2221.579,2349.468,2475.991,2627.661,2813.125,2953.89,3105.341,3272.832,3399.009,3467.552,3685.546,3834.026,4014.829,4067.632,4423.162,4578.881,4770.655,4801.535,5006.439,4955.37,5252.691,5567.853,5901.924,6256.04,6631.402,7029.287,7451.043,7898.106,8371.992,8874.313,,,,,,,,,,,,,,,,,,,,,2021/12/07 00:00:00 UTC,McCarthy,2021/12/09 16:45:40 UTC,mccarthy,"Northern Europe	",High income,OECD,GB,GBR
United Kingdom,,2007,CFH,"Private Consumption, Health",Mean,Units,Nominal,91,90+,Single,Public,0,100.7661,69.07343,66.51637,74.3937,76.56793,37.97713,40.98311,58.14224,24.06418,248.3041,10.8894,48.17102,8.51304,12.60223,7.567293,9.339703,10.86507,38.45608,9.911992,22.36974,66.9757,71.60163,58.44865,57.86012,188.6756,154.3564,284.2026,138.0906,136.1659,125.5197,119.2317,156.4596,129.2174,225.116,99.0016,194.2485,100.9019,265.6225,207.3476,91.28356,215.6663,592.6396,231.2933,558.7493,282.2258,268.4861,244.7287,229.5159,352.7598,290.2759,543.2768,442.2949,619.9318,352.9962,373.2504,590.9604,463.8907,653.7293,497.3942,351.6864,349.6363,386.9016,476.5181,482.5308,289.577,268.1721,279.6053,470.152,407.8665,150.4795,342.7682,361.0303,278.4142,913.81,190.3719,197.4815,357.0587,369.2051,515.4122,339.183,359.5339,381.106,403.9724,428.2107,453.9033,481.1375,510.0057,540.6061,573.0424,607.425,,,,,,,,,,,,,,,,,,,,,2021/12/07 00:00:00 UTC,McCarthy,2021/12/09 16:45:40 UTC,mccarthy,"Northern Europe	",High income,OECD,GB,GBR
United Kingdom,,2006,CGH,"Public Consumption, Health",Mean,Units,Nominal,91,90+,Single,Public,2059.516,617.8548,586.962,552.2077,514.879,718.2562,651.3219,589.5364,538.0485,502.007,500.7198,503.2942,523.8893,562.5053,612.706,455.6679,494.2838,531.6125,565.0797,592.1108,518.7406,530.3254,536.7614,538.0485,535.4741,584.3876,577.9517,570.2285,562.5053,557.3565,581.8132,583.1005,589.5364,603.6956,624.2908,620.4292,652.6091,692.5123,737.5641,787.7648,727.2665,777.4673,828.9552,884.3047,940.9413,961.5365,1014.312,1064.512,1109.564,1148.18,1226.699,1255.018,1280.761,1310.367,1348.983,1500.872,1578.104,1674.644,1793.066,1926.935,2067.239,2213.98,2355.571,2483.004,2592.416,3004.319,3078.976,3133.039,3171.655,3198.686,3883.475,3911.793,3952.983,4016.056,4108.734,4511.627,4690.547,4910.658,5169.385,5462.866,5029.081,5330.825,5650.675,5989.716,6349.098,6730.044,7133.847,7561.878,8015.59,8496.526,9006.317,,,,,,,,,,,,,,,,,,,,,2021/12/07 00:00:00 UTC,McCarthy,2021/12/09 16:45:40 UTC,mccarthy,"Northern Europe	",High income,OECD,GB,GBR
United Kingdom,,2006,CFH,"Private Consumption, Health",Mean,Units,Nominal,91,90+,Single,Public,0,0,0,0,0,0,0,0,0,0,0,0,0,0,0,0,0,0,0,0,0,133.1891,133.5475,303.6891,79.9915,95.73141,108.1823,162.5422,157.3369,131.8288,599.523,245.1201,208.6611,205.1377,217.3792,244.553,209.3892,340.4937,192.6564,202.8163,239.3212,263.3186,233.9898,286.8048,303.5793,338.4027,249.4535,190.4035,321.5648,449.4223,426.9665,411.967,473.7813,286.1646,333.5631,464.9167,400.551,290.1494,267.1218,278.4893,1154.643,134.0726,288.6593,228.5426,179.3428,371.5071,198.8549,189.5347,262.0001,516.9343,203.8514,250.1038,289.3961,227.2598,288.7687,553.4117,217.8304,159.3609,373.3544,337.6175,439.9063,466.3007,494.2787,523.9354,555.3715,588.6938,624.0155,661.4564,701.1438,743.2124,787.8052,,,,,,,,,,,,,,,,,,,,,2021/12/07 00:00:00 UTC,McCarthy,2021/12/09 16:45:40 UTC,mccarthy,"Northern Europe	",High income,OECD,GB,GBR
United Kingdom,,2005,CGH,"Public Consumption, Health",Mean,Units,Nominal,91,90+,Single,Public,1905.325,571.5975,543.0176,510.8652,476.3312,664.4821,602.559,545.3993,497.7661,464.4229,463.2321,465.6138,484.667,520.3918,566.8342,421.5531,457.278,491.812,522.7736,547.7809,479.9037,490.6212,496.5753,497.7661,495.3845,540.6359,534.6818,527.5369,520.3918,515.6285,538.2543,539.4451,545.3993,558.4984,577.5516,573.9791,603.7498,640.6655,682.3445,728.7868,672.8179,719.2602,766.8933,818.0989,870.4953,889.5486,938.3726,984.8148,1026.494,1062.219,1134.859,1161.057,1184.874,1212.263,1247.988,1388.505,1459.955,1549.267,1658.823,1782.67,1912.47,2048.224,2179.215,2297.107,2398.328,2779.393,2848.461,2898.476,2934.2,2959.208,3592.728,3618.927,3657.033,3715.384,3801.123,4173.853,4339.377,4543.009,4782.366,5053.875,4652.565,4931.719,5227.623,5541.28,5873.757,6226.182,6599.753,6995.738,7415.482,7860.412,8332.036,,,,,,,,,,,,,,,,,,,,,2021/12/07 00:00:00 UTC,McCarthy,2021/12/09 16:45:39 UTC,mccarthy,"Northern Europe	",High income,OECD,GB,GBR
United Kingdom,,2005,CFH,"Private Consumption, Health",Mean,Units,Nominal,91,90+,Single,Public,0,0,0,0,0,0,0,0,0,0,0,22.64627,17.79634,15.88037,21.88134,25.93942,40.47242,17.5543,30.40049,64.31247,24.10911,107.7692,95.58849,131.1432,110.2078,124.222,73.71539,126.9322,55.00079,98.16226,98.4809,179.9999,216.7306,231.6152,978.2329,228.812,200.4285,258.2601,244.4709,160.8075,244.3003,319.5091,275.8568,228.5824,271.1727,330.5577,349.0367,287.2726,533.9802,450.6275,730.2729,238.9313,312.9781,295.4976,243.6848,369.4122,410.1586,311.4057,282.6247,296.8499,302.7823,252.8264,167.6965,222.675,343.3246,300.2631,237.7516,319.9527,329.5643,227.7765,316.3495,266.3389,372.9605,175.8176,163.2492,322.5212,152.9929,135.1579,333.8389,254.642,203.0244,215.2059,228.1182,241.8053,256.3136,271.6924,287.994,305.2736,323.5901,343.0054,363.5858,,,,,,,,,,,,,,,,,,,,,2021/12/07 00:00:00 UTC,McCarthy,2021/12/09 16:45:39 UTC,mccarthy,"Northern Europe	",High income,OECD,GB,GBR
United Kingdom,,2004,CGH,"Public Consumption, Health",Mean,Units,Nominal,91,90+,Single,Public,1788.198,536.4593,509.6364,479.4605,447.0494,623.634,565.5175,511.8716,467.1667,435.8732,434.7556,436.9908,454.8728,488.4015,531.9888,395.6387,429.1674,461.5785,490.6367,514.1068,450.4023,460.4609,466.049,467.1667,464.9314,507.4011,501.813,495.1072,488.4015,483.931,505.1659,506.2835,511.8716,524.1655,542.0474,538.6946,566.6351,601.2815,640.3983,683.9856,631.4573,675.0446,719.7496,767.8074,816.9828,834.8648,880.6874,924.2747,963.3915,996.9202,1065.095,1089.683,1112.035,1137.741,1171.27,1303.149,1370.207,1454.028,1556.85,1673.083,1794.903,1922.313,2045.251,2155.896,2250.894,2608.533,2673.355,2720.296,2753.824,2777.295,3371.87,3396.458,3432.222,3486.986,3567.454,3917.271,4072.62,4263.734,4488.376,4743.194,4366.555,4628.548,4906.262,5200.638,5512.675,5843.436,6194.042,6565.685,6959.626,7377.204,7819.836,,,,,,,,,,,,,,,,,,,,,2021/12/07 00:00:00 UTC,McCarthy,2021/12/09 16:45:39 UTC,mccarthy,"Northern Europe	",High income,OECD,GB,GBR
United Kingdom,,2004,CFH,"Private Consumption, Health",Mean,Units,Nominal,91,90+,Single,Public,0,0,0,0,0,0,0,0,0,0,0,0,0,0,0,0,0,0,0,0,0,46.98953,84.36615,102.137,127.9427,129.668,179.2546,152.877,105.5591,116.9808,108.9396,180.18,196.8919,203.3853,192.0061,179.4022,254.0766,239.8984,134.783,285.0384,209.4479,277.7448,347.4857,273.3523,315.657,394.2918,238.3725,341.9082,310.8701,328.7859,256.2891,326.1636,543.3776,234.3873,405.381,374.5335,281.4387,315.6,388.3193,584.5337,372.5611,325.366,230.4406,423.2625,711.7271,269.1272,302.1335,267.3996,528.5626,353.958,539.36,255.0078,175.8386,232.9931,146.2616,271.0932,161.357,222.964,139.3632,219.1754,229.871,243.6632,258.283,273.78,290.2068,307.6192,326.0764,345.6409,366.3794,388.3622,411.6639,,,,,,,,,,,,,,,,,,,,,2021/12/07 00:00:00 UTC,McCarthy,2021/12/09 16:45:39 UTC,mccarthy,"Northern Europe	",High income,OECD,GB,GBR
United Kingdom,,2003,CGH,"Public Consumption, Health",Mean,Units,Nominal,91,90+,Single,Public,1636.258,490.8774,466.3336,438.7217,409.0645,570.645,517.4666,468.3789,427.4724,398.8379,397.8152,399.8606,416.2232,446.903,486.7868,362.0221,392.702,422.3591,448.9483,470.4242,412.1325,421.3365,426.4498,427.4724,425.4271,464.2882,459.1749,453.039,446.903,442.8123,462.2429,463.2656,468.3789,479.6282,495.9908,492.9228,518.4893,550.1918,585.9849,625.8687,577.8036,617.6874,658.5939,702.5684,747.5654,763.928,805.8571,845.7409,881.5341,912.2139,974.5963,997.0948,1017.548,1041.069,1071.749,1192.423,1253.783,1330.482,1424.567,1530.924,1642.394,1758.978,1871.47,1972.714,2059.64,2386.892,2446.206,2489.158,2519.837,2541.313,3085.369,3107.868,3140.593,3190.703,3264.335,3584.428,3726.578,3901.453,4107.008,4340.175,3995.538,4235.27,4489.386,4758.75,5044.274,5346.931,5667.747,6007.812,6368.28,6750.377,7155.4,,,,,,,,,,,,,,,,,,,,,2021/12/07 00:00:00 UTC,McCarthy,2021/12/09 16:45:39 UTC,mccarthy,"Northern Europe	",High income,OECD,GB,GBR
United Kingdom,,2003,CFH,"Private Consumption, Health",Mean,Units,Nominal,91,90+,Single,Public,0,0,0,0,0,0,0,0,0,0,0,19.80193,29.28466,33.80544,42.42121,38.09663,39.34156,43.30555,31.83065,37.20081,18.54235,120.2284,111.8204,99.35646,136.3406,181.9589,168.0503,149.332,133.3903,329.3288,154.0782,208.1935,184.0735,116.2331,179.121,147.7127,223.3223,191.6324,126.3445,211.1601,182.2933,216.8227,147.7643,200.8942,243.68,390.513,181.9883,414.5451,320.3304,328.2116,295.0149,422.6921,240.1401,338.893,294.3903,415.8578,406.3774,368.4001,286.3571,359.7189,744.5367,525.7174,190.7401,265.4399,364.5785,548.5831,601.6472,303.3187,294.3945,258.4882,374.1793,225.2641,321.4478,277.635,357.6822,162.1895,162.6062,139.7478,628.9097,727.0947,230.9407,244.7971,259.485,275.0541,291.5573,309.0508,327.5938,347.2495,368.0844,390.1695,413.5797,,,,,,,,,,,,,,,,,,,,,2021/12/07 00:00:00 UTC,McCarthy,2021/12/09 16:45:39 UTC,mccarthy,"Northern Europe	",High income,OECD,GB,GBR
United Kingdom,,2002,CGH,"Public Consumption, Health",Mean,Units,Nominal,91,90+,Single,Public,1501.56,450.4679,427.9445,402.6057,375.3899,523.6689,474.8682,429.8214,392.2825,366.0052,365.0667,366.9436,381.9592,410.1135,446.714,332.2201,360.3743,387.5901,411.9904,431.6984,378.2053,386.6516,391.344,392.2825,390.4055,426.0675,421.3752,415.7443,410.1135,406.3596,424.1906,425.1291,429.8214,440.1447,455.1603,452.3448,475.8067,504.8994,537.746,574.3466,530.2382,566.8387,604.3777,644.7322,686.0251,701.0406,739.5181,776.1187,808.9653,837.1195,894.3665,915.0129,933.7824,955.3673,983.5215,1094.262,1150.57,1220.956,1307.295,1404.897,1507.19,1614.177,1717.409,1810.318,1890.088,2190.4,2244.832,2284.248,2312.402,2332.11,2831.378,2852.025,2882.056,2928.041,2995.612,3289.354,3419.802,3580.281,3768.915,3982.887,3666.621,3886.618,4119.815,4367.004,4629.024,4906.766,5201.172,5513.242,5844.037,6194.679,6566.36,,,,,,,,,,,,,,,,,,,,,2021/12/07 00:00:00 UTC,McCarthy,2021/12/09 16:45:39 UTC,mccarthy,"Northern Europe	",High income,OECD,GB,GBR
United Kingdom,,2002,CFH,"Private Consumption, Health",Mean,Units,Nominal,91,90+,Single,Public,0,0,0,0,0,0,0,0,0,0,0,0,0,0,0,0,0,0,0,0,0,91.20203,120.6598,110.4473,170.5317,105.5599,124.5823,140.2163,120.6355,211.8684,253.2678,297.2257,195.0049,225.0541,199.0481,162.8634,144.3653,140.5952,183.6498,152.5256,149.6189,218.1564,262.3485,225.8046,334.7211,342.2427,250.9736,230.0981,304.155,262.318,210.4136,286.9236,343.4,431.6652,363.7878,486.3897,327.0594,271.8684,361.405,255.589,519.6134,260.7492,259.2346,312.1729,226.4191,247.5808,593.9231,242.0834,270.9824,532.0954,210.0312,245.406,229.1502,335.7386,291.3447,205.8626,188.2154,161.8055,300.4019,253.3548,225.0618,238.5655,252.8795,268.0522,284.1354,301.1835,319.2545,338.4098,358.7144,380.2372,403.0515,,,,,,,,,,,,,,,,,,,,,2021/12/07 00:00:00 UTC,McCarthy,2021/12/09 16:45:39 UTC,mccarthy,"Northern Europe	",High income,OECD,GB,GBR
United Kingdom,,2001,CGH,"Public Consumption, Health",Mean,Units,Nominal,91,90+,Single,Public,1372.502,411.7507,391.1632,368.0022,343.1256,478.6602,434.0539,392.8788,358.5663,334.5475,333.6896,335.4053,349.1303,374.8647,408.3195,303.6662,329.4006,354.2772,376.5804,394.5945,345.699,353.4194,357.7084,358.5663,356.8506,389.4476,385.1585,380.0116,374.8647,371.4335,387.7319,388.5898,392.8788,402.3148,416.0398,413.4664,434.9117,461.5039,491.5274,524.9822,484.6649,518.1197,552.4323,589.3182,627.0621,640.787,675.9575,709.4122,739.4357,765.1701,817.4968,836.3687,853.525,873.2546,898.9891,1000.211,1051.68,1116.016,1194.935,1284.148,1377.649,1475.44,1569.8,1654.723,1727.637,2002.138,2051.891,2087.919,2113.654,2131.668,2588.025,2606.897,2634.347,2676.38,2738.142,3006.638,3125.874,3272.561,3444.981,3640.563,3351.479,3552.568,3765.722,3991.666,4231.166,4485.035,4754.138,5039.386,5341.749,5662.254,6001.989,,,,,,,,,,,,,,,,,,,,,2021/12/07 00:00:00 UTC,McCarthy,2021/12/09 16:45:39 UTC,mccarthy,"Northern Europe	",High income,OECD,GB,GBR
United Kingdom,,2001,CFH,"Private Consumption, Health",Mean,Units,Nominal,91,90+,Single,Public,0,0,0,0,0,0,0,0,0,0,0,22.4747,14.74004,14.09586,11.14628,19.60955,20.08606,13.49517,17.66567,28.15138,28.54729,74.12272,118.4748,128.4632,69.27229,113.8054,102.3977,74.74695,183.9942,137.0999,106.9008,174.6405,140.6045,114.8808,182.9176,160.6069,194.6228,140.9798,128.7082,105.7606,104.6226,215.7341,168.9498,222.4669,294.5552,290.924,334.1365,254.8887,323.9441,239.0642,387.7501,177.5697,297.038,399.3366,284.8331,381.845,292.9643,501.26,186.7918,195.0052,168.7352,314.5837,332.9839,1980.532,260.7039,320.062,277.0182,283.7616,258.4657,289.1718,214.904,168.958,228.8471,148.7151,254.108,192.4076,116.4419,168.238,212.946,59.36525,121.3252,128.6047,136.321,144.5002,153.1703,162.3605,172.1021,182.4282,193.3739,204.9764,217.2749,,,,,,,,,,,,,,,,,,,,,2021/12/07 00:00:00 UTC,McCarthy,2021/12/09 16:45:39 UTC,mccarthy,"Northern Europe	",High income,OECD,GB,GBR
United Kingdom,,2000,CGH,"Public Consumption, Health",Mean,Units,Nominal,91,90+,Single,Public,1266.788,380.0365,361.0347,339.6576,316.6971,441.7924,400.6218,362.6181,330.9485,308.7796,307.9879,309.5714,322.2393,345.9915,376.8695,280.2769,304.0292,326.9897,347.575,364.2016,319.0723,326.198,330.1567,330.9485,329.365,359.4512,355.4925,350.742,345.9915,342.8246,357.8677,358.6594,362.6181,371.3273,383.9952,381.62,401.4135,425.9576,453.6685,484.5465,447.3346,478.2126,509.8823,543.9272,578.7639,591.4318,623.8932,654.7712,682.4822,706.2345,754.5308,771.9491,787.784,805.9941,829.7463,923.172,970.6765,1030.057,1102.898,1185.239,1271.539,1361.797,1448.889,1527.272,1594.57,1847.927,1893.849,1927.102,1950.854,1967.481,2388.688,2406.106,2431.442,2470.237,2527.243,2775.058,2885.11,3020.498,3179.639,3360.156,3093.339,3278.939,3475.675,3684.216,3905.269,4139.585,4387.96,4651.238,4930.312,5226.131,5539.699,,,,,,,,,,,,,,,,,,,,,2021/12/07 00:00:00 UTC,McCarthy,2021/12/09 16:45:39 UTC,mccarthy,"Northern Europe	",High income,OECD,GB,GBR
United Kingdom,,2000,CFH,"Private Consumption, Health",Mean,Units,Nominal,91,90+,Single,Public,0,0,0,0,0,0,0,0,0,0,0,13.36391,17.93094,22.20357,24.38051,13.29029,13.39533,16.10553,38.38639,19.16838,23.49736,116.4041,157.0791,185.2767,116.1077,205.2199,156.7259,121.9782,162.7801,175.0282,208.0417,170.5401,150.6825,206.4874,127.4033,147.7893,176.3305,206.8725,201.4953,186.6759,252.509,190.1906,189.3152,197.8422,268.1044,281.4827,196.0397,204.0527,240.0334,179.7394,211.5507,251.2207,208.2597,248.7694,262.1018,407.2811,261.1086,218.4354,277.1898,314.1362,336.529,465.4318,198.2997,242.8067,240.4777,171.5063,342.5137,155.1246,200.7928,211.043,187.9269,410.2796,109.0874,177.2281,125.6727,202.4233,168.6259,203.993,317.9676,144.6127,198.9551,210.8924,223.5459,236.9587,251.1762,266.2468,282.2216,299.1549,317.1042,336.1305,356.2983,,,,,,,,,,,,,,,,,,,,,2021/12/07 00:00:00 UTC,McCarthy,2021/12/09 16:45:39 UTC,mccarthy,"Northern Europe	",High income,OECD,GB,GBR
United Kingdom,,1999,CGH,"Public Consumption, Health",Mean,Units,Nominal,91,90+,Single,Public,1200.797,360.2391,342.2271,321.9637,300.1992,418.7779,379.752,343.7281,313.7082,292.6942,291.9438,293.4447,305.4527,327.9677,357.2371,265.6763,288.1913,309.9557,329.4687,345.2291,302.4507,309.2052,312.9577,313.7082,312.2072,340.7261,336.9736,332.4706,327.9677,324.9657,339.2251,339.9756,343.7281,351.9836,363.9915,361.7401,380.5025,403.7679,430.0354,459.3048,424.0314,453.3008,483.3207,515.5922,548.6141,560.6221,591.3925,620.6619,646.9293,669.4443,715.2247,731.7356,746.7455,764.007,786.522,875.0807,920.1106,976.3979,1045.444,1123.496,1205.3,1290.857,1373.411,1447.711,1511.503,1751.662,1795.191,1826.712,1849.227,1864.988,2264.253,2280.764,2304.78,2341.554,2395.59,2630.496,2734.815,2863.15,3014,3185.114,2932.196,3108.128,3294.615,3492.292,3701.83,3923.939,4159.376,4408.938,4673.475,4953.883,5251.117,,,,,,,,,,,,,,,,,,,,,2021/12/07 00:00:00 UTC,McCarthy,2021/12/09 16:45:39 UTC,mccarthy,"Northern Europe	",High income,OECD,GB,GBR
United Kingdom,,1999,CFH,"Private Consumption, Health",Mean,Units,Nominal,91,90+,Single,Public,0,0,0,0,0,0,0,0,0,0,0,0,0,0,0,0,0,0,0,0,0,97.47462,65.86239,104.1256,70.89668,119.591,101.1655,97.75854,76.77106,135.6108,91.85542,121.4975,157.126,194.0081,236.1704,174.1545,171.6301,185.0282,208.2376,214.3539,211.0028,413.0494,297.2388,240.3886,219.2135,265.3764,296.3818,272.7731,284.8963,459.843,343.2201,439.0368,226.9496,308.9855,158.6,187.4339,230.8698,154.8139,158.6337,311.6985,210.5737,248.3273,171.853,158.5189,138.1931,148.0146,115.5756,205.5242,147.0515,156.1159,199.234,94.58622,138.0404,168.9625,374.7787,101.9947,302.5746,189.4424,248.9503,223.1974,244.9296,259.6254,275.2029,291.7151,309.218,327.7711,347.4373,368.2836,390.3806,413.8034,438.6316,,,,,,,,,,,,,,,,,,,,,2021/12/07 00:00:00 UTC,McCarthy,2021/12/09 16:45:39 UTC,mccarthy,"Northern Europe	",High income,OECD,GB,GBR
United Kingdom,,1998,CGH,"Public Consumption, Health",Mean,Units,Nominal,91,90+,Single,Public,1112.387,333.716,317.0302,298.2587,278.0967,387.9449,351.7923,318.4207,290.611,271.1443,270.449,271.8395,282.9634,303.8206,330.9351,246.1156,266.9728,287.1348,305.2111,319.8112,280.1824,286.4396,289.9158,290.611,289.2206,315.6397,312.1635,307.9921,303.8206,301.0396,314.2492,314.9445,318.4207,326.0684,337.1922,335.1065,352.4875,374.04,398.3735,425.4879,392.8116,419.926,447.7357,477.631,508.2217,519.3455,547.8505,574.9649,599.2983,620.1556,662.5653,677.8607,691.7655,707.756,728.6133,810.6518,852.3663,904.5095,968.4717,1040.777,1116.558,1195.816,1272.292,1341.121,1400.217,1622.694,1663.018,1692.218,1713.076,1727.676,2097.544,2112.84,2135.087,2169.154,2219.211,2436.822,2533.461,2652.347,2792.091,2950.606,2716.309,2879.288,3052.045,3235.168,3429.278,3635.034,3853.137,4084.325,4329.384,4589.147,4864.497,,,,,,,,,,,,,,,,,,,,,2021/12/07 00:00:00 UTC,McCarthy,2021/12/09 16:45:39 UTC,mccarthy,"Northern Europe	",High income,OECD,GB,GBR
United Kingdom,,1998,CFH,"Private Consumption, Health",Mean,Units,Nominal,91,90+,Single,Public,0,0,0,0,0,0,0,0,0,0,0,3.282398,3.958866,6.975139,4.969064,4.318902,9.040265,6.599822,6.401041,20.52811,6.925799,149.0854,47.41041,99.22244,102.5851,101.8995,93.71659,78.595,85.7569,100.4522,116.2164,147.3616,146.1708,130.2687,134.1393,120.8624,166.8876,113.8731,263.5345,93.66829,167.6653,166.3019,237.5081,219.1817,266.8493,222.1767,252.8445,201.8045,267.1754,302.5897,197.9148,341.5589,398.267,421.8989,276.4615,233.8092,254.826,269.7336,184.228,359.6201,152.1919,209.1058,241.6387,229.8326,195.4789,397.8196,274.7016,132.8812,181.5054,177.6629,253.0405,149.4967,166.1478,80.98734,119.7553,186.9774,241.6813,71.40562,169.1552,117.5627,278.1331,294.8211,312.5104,331.261,351.1367,372.2049,394.5372,418.2094,443.302,469.9001,498.0941,,,,,,,,,,,,,,,,,,,,,2021/12/07 00:00:00 UTC,McCarthy,2021/12/09 16:45:39 UTC,mccarthy,"Northern Europe	",High income,OECD,GB,GBR
United Kingdom,,1997,CGH,"Public Consumption, Health",Mean,Units,Nominal,91,90+,Single,Public,1049.027,314.7081,298.9727,281.2703,262.2567,365.8481,331.7548,300.2839,274.0583,255.7003,255.0447,256.3559,266.8462,286.5155,312.0855,232.0972,251.7664,270.7801,287.8268,301.5952,264.2236,270.1244,273.4026,274.0583,272.747,297.6614,294.3832,290.4493,286.5155,283.8929,296.3501,297.0057,300.2839,307.496,317.9863,316.0193,332.4104,352.7353,375.6827,401.2528,370.4376,396.0076,422.2333,450.4259,479.2741,489.7644,516.6458,542.2158,565.1632,584.8325,624.8267,639.2507,652.3636,667.4434,687.1126,764.4783,803.8168,852.99,913.309,981.4958,1052.961,1127.704,1199.824,1264.733,1320.463,1530.268,1568.295,1595.832,1615.501,1629.27,1978.071,1992.495,2013.476,2045.602,2092.809,2298.024,2389.159,2501.273,2633.057,2782.544,2561.593,2715.288,2878.205,3050.898,3233.952,3427.989,3633.668,3851.688,4082.789,4327.757,4587.422,,,,,,,,,,,,,,,,,,,,,2021/12/07 00:00:00 UTC,McCarthy,2021/12/09 16:45:39 UTC,mccarthy,"Northern Europe	",High income,OECD,GB,GBR
United Kingdom,,1997,CFH,"Private Consumption, Health",Mean,Units,Nominal,91,90+,Single,Public,0,0,0,0,0,0,0,0,0,0,0,0,0,0,0,0,0,0,0,0,0,89.98358,147.581,86.49148,55.51821,50.93808,81.25441,107.2447,112.8323,109.3688,97.79916,118.9626,133.5515,131.8751,213.3283,227.0822,332.138,223.7604,198.5995,194.9158,220.3568,209.3901,152.3558,193.1535,150.2498,232.0647,139.4716,170.5916,245.9673,234.6447,177.9534,259.3929,185.872,164.3689,236.1061,216.9953,210.7449,139.1129,151.4377,199.5711,160.8838,168.6351,120.4684,139.925,277.2644,261.5099,278.7771,171.7385,193.332,129.5821,269.7259,432.6486,340.9611,106.4696,180.5883,210.5375,87.3437,141.2951,574.9885,325.3181,224.442,237.9085,252.183,267.314,283.3528,300.354,318.3752,337.4778,357.7264,379.19,401.9414,,,,,,,,,,,,,,,,,,,,,2021/12/07 00:00:00 UTC,McCarthy,2021/12/09 16:45:39 UTC,mccarthy,"Northern Europe	",High income,OECD,GB,GBR
United Kingdom,,1996,CGH,"Public Consumption, Health",Mean,Units,Nominal,91,90+,Single,Public,1039.429,311.8287,296.2373,278.6969,259.8573,362.5009,328.7195,297.5366,271.5508,253.3608,252.7112,254.0105,264.4048,283.8941,309.2302,229.9737,249.463,268.3026,285.1934,298.8359,261.8062,267.653,270.9012,271.5508,270.2516,294.938,291.6898,287.7919,283.8941,281.2955,293.6387,294.2884,297.5366,304.6826,315.0769,313.128,329.3691,349.508,372.2455,397.5816,367.0484,392.3845,418.3702,446.3049,474.8892,485.2834,511.9188,537.2549,559.9924,579.4817,619.1099,633.4021,646.395,661.3367,680.826,757.4839,796.4625,845.1858,904.9529,972.5159,1043.327,1117.386,1188.847,1253.162,1308.381,1516.267,1553.947,1581.232,1600.721,1614.363,1959.974,1974.266,1995.054,2026.887,2073.661,2276.999,2367.3,2478.389,2608.967,2757.086,2538.156,2690.445,2851.872,3022.984,3204.364,3396.625,3600.423,3816.448,4045.435,4288.161,4545.451,,,,,,,,,,,,,,,,,,,,,2021/12/07 00:00:00 UTC,McCarthy,2021/12/09 16:45:39 UTC,mccarthy,"Northern Europe	",High income,OECD,GB,GBR
United Kingdom,,1996,CFH,"Private Consumption, Health",Mean,Units,Nominal,91,90+,Single,Public,0,0,0,0,0,0,0,0,0,0,0,0,0,0,0,0,0,0,0,0,0,136.608,118.0636,93.32458,107.6511,91.035,91.33909,83.64328,105.9659,115.1959,77.09172,120.0342,162.0437,184.7959,197.2836,182.9846,154.8705,168.1955,133.1991,242.1707,195.4286,170.4453,308.7247,217.2841,219.6497,147.4475,239.1532,306.911,231.9379,220.3063,249.267,184.0482,148.1395,184.9657,198.1897,179.5666,344.9901,201.159,214.3761,125.8596,87.11797,399.5167,143.4448,133.2575,133.0426,213.7608,140.4496,281.0836,94.1325,130.9958,122.7667,221.7723,116.5319,97.34177,234.9708,450.3334,97.90907,107.5347,96.33363,155.5223,186.4513,197.6384,209.4967,222.0665,235.3904,249.5139,264.4847,280.3538,297.175,315.0056,333.9059,,,,,,,,,,,,,,,,,,,,,2021/12/07 00:00:00 UTC,McCarthy,2021/12/09 16:45:39 UTC,mccarthy,"Northern Europe	",High income,OECD,GB,GBR
United Kingdom,,1995,CGH,"Public Consumption, Health",Mean,Units,Nominal,91,90+,Single,Public,952.8989,285.8697,271.5762,255.496,238.2247,332.3235,301.3543,272.7673,248.9448,232.2691,231.6735,232.8647,242.3936,260.2605,283.4874,210.8289,228.6957,245.967,261.4516,273.9584,240.0114,245.3715,248.3493,248.9448,247.7537,270.3851,267.4073,263.8339,260.2605,257.8783,269.1939,269.7895,272.7673,279.3185,288.8475,287.0608,301.9498,320.4123,341.2569,364.4838,336.4924,359.7193,383.5418,409.151,435.3557,444.8847,469.3027,492.5296,513.3743,531.2411,567.5704,580.6727,592.584,606.2819,624.1487,694.425,730.1588,774.8259,829.6176,891.556,956.4722,1024.366,1089.878,1148.839,1199.461,1390.041,1424.584,1449.597,1467.464,1479.971,1796.81,1809.912,1828.97,1858.153,1901.033,2087.444,2170.227,2272.068,2391.776,2527.564,2326.86,2466.471,2614.46,2771.328,2937.607,3113.864,3300.695,3498.737,3708.661,3931.181,4167.052,,,,,,,,,,,,,,,,,,,,,2021/12/07 00:00:00 UTC,McCarthy,2021/12/09 16:45:39 UTC,mccarthy,"Northern Europe	",High income,OECD,GB,GBR
United Kingdom,,1995,CFH,"Private Consumption, Health",Mean,Units,Nominal,91,90+,Single,Public,0,0,0,0,0,0,0,0,0,0,0,0,0,0,0,0,0,0,0,0,0,53.07387,55.23667,80.22037,87.55286,158.4109,102.8924,66.61697,100.2209,91.06661,115.8666,176.813,105.8965,136.747,162.8891,91.04677,123.1214,107.9994,126.1209,145.9045,131.9526,187.6462,196.1163,254.7563,197.0161,225.3091,277.0134,245.4988,170.4191,318.951,269.8495,266.3295,256.2794,213.4875,161.6182,162.3413,190.6006,282.9305,215.8444,166.4873,166.0802,270.7588,162.9802,162.7741,248.7104,192.3961,238.106,342.5592,363.2182,143.5021,134.5684,141.2234,107.9169,144.1276,111.3677,188.8108,126.6774,188.6389,75.39666,89.39989,122.0157,129.3366,137.0968,145.3226,154.042,163.2845,173.0816,183.4665,194.4745,206.1429,218.5115,,,,,,,,,,,,,,,,,,,,,2021/12/07 00:00:00 UTC,McCarthy,2021/12/09 16:45:39 UTC,mccarthy,"Northern Europe	",High income,OECD,GB,GBR
United Kingdom,,1994,CGH,"Public Consumption, Health",Mean,Units,Nominal,91,90+,Single,Public,911.6957,273.5087,259.8333,244.4484,227.9239,317.9539,288.3238,260.9729,238.1805,222.2258,221.656,222.7956,231.9126,249.0069,271.2295,201.7127,218.807,235.3315,250.1465,262.1125,229.6333,234.7616,237.6107,238.1805,237.0409,258.6936,255.8446,252.4257,249.0069,246.7276,257.554,258.1238,260.9729,267.2408,276.3578,274.6483,288.8936,306.5577,326.501,348.7236,321.9425,344.1651,366.9575,391.4593,416.5309,425.6479,449.0101,471.2327,491.1761,508.2703,543.0287,555.5646,566.9608,580.0663,597.1606,664.3982,698.5868,741.3226,793.7451,853.0052,915.1145,980.0729,1042.752,1099.163,1147.597,1329.936,1362.985,1386.917,1404.011,1415.977,1719.116,1731.652,1749.886,1777.807,1818.833,1997.183,2076.387,2173.824,2288.356,2418.273,2226.247,2359.822,2501.411,2651.496,2810.585,2979.22,3157.974,3347.452,3548.299,3761.197,3986.869,,,,,,,,,,,,,,,,,,,,,2021/12/07 00:00:00 UTC,McCarthy,2021/12/09 16:45:39 UTC,mccarthy,"Northern Europe	",High income,OECD,GB,GBR
United Kingdom,,1994,CFH,"Private Consumption, Health",Mean,Units,Nominal,91,90+,Single,Public,0,0,0,0,0,0,0,0,0,0,0,0,0,0,0,0,0,0,0,0,0,56.62375,65.08791,59.02621,82.21388,84.61853,65.92574,119.4753,95.86752,81.26839,72.67868,154.2204,151.8577,294.9712,118.9024,260.3549,164.9429,198.1701,167.6078,143.5634,129.4312,161.5019,151.8091,187.2659,252.573,155.2023,149.9118,206.2156,188.5928,289.5836,241.0976,241.7135,174.8112,141.4089,111.3636,163.5589,342.5916,311.5614,130.086,227.8867,154.9465,204.1178,127.7371,174.4149,159.5665,127.4491,149.3712,244.1528,248.6099,174.5882,203.8472,110.0145,66.85524,239.2417,153.5753,200.6828,170.2817,103.6013,110.7454,190.4072,98.23635,104.1305,110.3784,117.0011,124.0211,131.4624,139.3501,147.7112,156.5738,165.9682,175.9263,,,,,,,,,,,,,,,,,,,,,2021/12/07 00:00:00 UTC,McCarthy,2021/12/09 16:45:39 UTC,mccarthy,"Northern Europe	",High income,OECD,GB,GBR
United Kingdom,,1993,CGH,"Public Consumption, Health",Mean,Units,Nominal,91,90+,Single,Public,873.1646,261.9494,248.8519,234.1172,218.2911,304.5161,276.1383,249.9434,228.1142,212.8339,212.2881,213.3796,222.1112,238.4831,259.7664,193.1877,209.5595,225.3856,239.5745,251.0348,219.9283,224.8399,227.5685,228.1142,227.0228,247.7604,245.0318,241.7574,238.4831,236.3002,246.669,247.2147,249.9434,255.9464,264.678,263.0408,276.684,293.6016,312.7021,333.9854,308.3362,329.6196,351.4487,374.915,398.9271,407.6587,430.0335,451.3169,470.4174,486.7892,520.0786,532.0847,542.9992,555.551,571.9228,636.3187,669.0623,709.9919,760.1989,816.9546,876.4389,938.6519,998.6819,1052.709,1099.096,1273.729,1305.381,1328.302,1344.673,1356.134,1646.461,1658.467,1675.93,1702.671,1741.963,1912.776,1988.632,2081.952,2191.643,2316.069,2132.159,2260.088,2395.694,2539.435,2691.801,2853.309,3024.508,3205.979,3398.337,3602.237,3818.372,,,,,,,,,,,,,,,,,,,,,2021/12/07 00:00:00 UTC,McCarthy,2021/12/09 16:45:39 UTC,mccarthy,"Northern Europe	",High income,OECD,GB,GBR
United Kingdom,,1993,CFH,"Private Consumption, Health",Mean,Units,Nominal,91,90+,Single,Public,0,50.10681,34.59103,23.98113,19.26068,15.25688,17.96124,14.21106,15.73274,14.44393,13.22529,0.3961104,0.4985664,0.4994291,0.6808328,0.613341,0.7296527,0.576511,10.46939,3.573321,7.818396,100.7096,124.5134,128.528,128.8734,121.0567,144.1392,175.1008,153.7827,155.4592,176.0622,165.3547,157.8822,171.8194,156.2904,168.0385,153.0428,161.5208,171.9607,143.6257,149.7627,137.9032,145.7453,121.5331,145.9886,152.6941,151.5668,186.5426,342.3021,184.2327,159.5051,97.30671,134.1423,113.8375,160.3328,155.9485,142.0675,127.7794,157.7075,116.5332,174.1554,172.5371,150.4894,84.71002,122.6076,65.3918,77.59153,72.60995,183.6361,123.308,80.67234,65.23945,103.8572,127.582,126.0164,68.3588,116.4792,184.1555,74.50528,96.89729,44.34977,47.01075,49.8314,52.82129,55.99056,59.34999,62.91099,66.68565,70.68679,74.928,79.42368,,,,,,,,,,,,,,,,,,,,,2021/12/07 00:00:00 UTC,McCarthy,2021/12/09 16:45:39 UTC,mccarthy,"Northern Europe	",High income,OECD,GB,GBR
United Kingdom,,1992,CGH,"Public Consumption, Health",Mean,Units,Nominal,91,90+,Single,Public,828.5517,248.5655,236.1372,222.1554,207.1379,288.9574,262.0295,237.1729,216.4591,201.9595,201.4416,202.4773,210.7628,226.2982,246.4941,183.3171,198.8524,213.8699,227.3339,238.2086,208.6915,213.3521,215.9413,216.4591,215.4234,235.1015,232.5123,229.4052,226.2982,224.2268,234.0658,234.5837,237.1729,242.8692,251.1547,249.6012,262.5473,278.6005,296.7251,316.921,292.5823,312.7783,333.492,355.7594,378.5446,386.83,408.0617,428.2577,446.3822,461.9176,493.5061,504.8987,515.2556,527.166,542.7014,603.807,634.8777,673.7161,721.3578,775.2137,831.6588,890.6931,947.656,998.9226,1042.939,1208.65,1238.685,1260.434,1275.97,1286.844,1562.338,1573.73,1590.301,1615.676,1652.961,1815.046,1887.026,1975.578,2079.665,2197.733,2023.22,2144.613,2273.29,2409.687,2554.268,2707.524,2869.976,3042.174,3224.705,3418.187,3623.278,,,,,,,,,,,,,,,,,,,,,2021/12/07 00:00:00 UTC,McCarthy,2021/12/09 16:45:39 UTC,mccarthy,"Northern Europe	",High income,OECD,GB,GBR
United Kingdom,,1992,CFH,"Private Consumption, Health",Mean,Units,Nominal,91,90+,Single,Public,0,45.72355,30.5735,26.31162,25.30706,20.71065,18.15751,15.40946,17.75999,11.87014,19.17172,8.163003,9.017208,5.352864,9.91742,6.928138,11.38562,10.53449,10.16303,21.09965,17.91869,105.0381,96.13382,111.7671,156.4734,117.0818,154.0852,171.4622,145.0784,132.7562,158.4979,154.2007,160.1278,168.4073,167.8587,113.3493,124.7031,118.6546,151.876,113.3956,134.8684,180.3319,135.4606,143.9357,192.3702,127.525,194.3237,171.9594,145.7238,138.7082,128.2842,94.66874,128.6094,115.7481,164.5925,133.6764,119.0004,128.2122,120.3187,151.4849,155.6133,100.3845,140.2083,120.0065,88.16075,140.595,119.2242,90.92382,83.19669,109.1259,94.51171,67.25561,145.3787,87.95879,194.4097,110.8172,121.1068,172.1814,137.7734,77.88966,89.48606,94.85522,100.5465,106.5793,112.9741,119.7525,126.9377,134.5539,142.6272,151.1848,160.2559,,,,,,,,,,,,,,,,,,,,,2021/12/07 00:00:00 UTC,McCarthy,2021/12/09 16:45:39 UTC,mccarthy,"Northern Europe	",High income,OECD,GB,GBR
United Kingdom,,1991,CGH,"Public Consumption, Health",Mean,Units,Nominal,91,90+,Single,Public,747.2991,224.1897,212.9803,200.3696,186.8248,260.6206,236.3334,213.9144,195.2319,182.1542,181.6871,182.6212,190.0942,204.1061,222.3215,165.3399,179.3518,192.8966,205.0402,214.8485,188.226,192.4295,194.7648,195.2319,194.2978,212.0461,209.7108,206.9084,204.1061,202.2378,211.112,211.5791,213.9144,219.0521,226.5251,225.1239,236.8004,251.2793,267.6265,285.8419,263.89,282.1054,300.7879,320.8716,341.4223,348.8953,368.0448,386.2603,402.6074,416.6193,445.11,455.3854,464.7267,475.4691,489.4809,544.5942,572.618,607.6476,650.6173,699.1918,750.1015,803.3466,854.7234,900.9625,940.6628,1090.123,1117.212,1136.829,1150.841,1160.649,1409.126,1419.401,1434.347,1457.233,1490.862,1637.052,1701.974,1781.841,1875.721,1982.211,1824.811,1934.3,2050.358,2173.379,2303.782,2442.009,2588.53,2743.841,2908.472,3082.98,3267.959,,,,,,,,,,,,,,,,,,,,,2021/12/07 00:00:00 UTC,McCarthy,2021/12/09 16:45:39 UTC,mccarthy,"Northern Europe	",High income,OECD,GB,GBR
United Kingdom,,1991,CFH,"Private Consumption, Health",Mean,Units,Nominal,91,90+,Single,Public,0,122.8471,78.64686,82.51492,38.79469,55.64233,53.90912,55.06494,51.07419,38.69894,66.7707,1.396012,3.000541,4.473032,2.021369,3.325805,4.211417,2.324827,6.875081,17.60662,12.70669,94.51856,60.64131,89.25965,94.53752,73.18759,81.22673,96.06197,102.9001,97.49821,102.9811,153.4746,127.8344,121.2828,144.8303,166.0423,98.1743,126.9088,148.3318,142.6394,102.1159,82.49584,121.9365,96.8121,123.1677,115.3878,99.78644,129.8505,103.7733,108.0461,89.94094,69.62605,215.1986,94.67091,117.3954,89.97958,110.8746,418.5216,77.45064,117.814,118.3696,106.7711,79.78946,100.7446,88.90229,110.5326,79.03615,101.31,88.26601,55.56359,106.4156,62.27853,61.26857,177.0218,71.96702,82.52185,222.5553,71.30631,99.75568,372.6989,115.0058,121.9062,129.2205,136.9738,145.1922,153.9037,163.1379,172.9262,183.3018,194.2999,205.9579,,,,,,,,,,,,,,,,,,,,,2021/12/07 00:00:00 UTC,McCarthy,2021/12/09 16:45:39 UTC,mccarthy,"Northern Europe	",High income,OECD,GB,GBR
United Kingdom,,1990,CGH,"Public Consumption, Health",Mean,Units,Nominal,91,90+,Single,Public,671.9177,201.5753,191.4965,180.1579,167.9794,234.3313,212.494,192.3364,175.5385,163.7799,163.36,164.1999,170.9191,183.5175,199.8955,148.6618,161.2602,173.4388,184.3574,193.1763,169.2393,173.0188,175.1185,175.5385,174.6986,190.6566,188.5569,186.0372,183.5175,181.8377,189.8167,190.2367,192.3364,196.9559,203.675,202.4152,212.9139,225.9323,240.6305,257.0085,237.2709,253.6489,270.4469,288.5046,306.9824,313.7016,330.9195,347.2975,361.9956,374.5941,400.211,409.4498,417.8488,427.5076,440.1061,489.66,514.8569,546.3531,584.9883,628.663,674.4374,722.3115,768.5059,810.0807,845.7764,980.1599,1004.517,1022.155,1034.753,1043.572,1266.985,1276.224,1289.662,1310.24,1340.476,1471.92,1530.292,1602.104,1686.513,1782.262,1640.739,1739.183,1843.534,1954.146,2071.395,2195.679,2327.42,2467.065,2615.089,2771.994,2938.314,,,,,,,,,,,,,,,,,,,,,2021/12/07 00:00:00 UTC,McCarthy,2021/12/09 16:45:39 UTC,mccarthy,"Northern Europe	",High income,OECD,GB,GBR
United Kingdom,,1990,CFH,"Private Consumption, Health",Mean,Units,Nominal,91,90+,Single,Public,0,3.610466,2.947789,2.513534,1.436754,0.9678023,0.8156221,0.5709205,0.9247521,1.062706,0.6302171,0,0,0,0,0,0,0,0,0,0,74.6348,105.3148,101.7159,124.2945,110.4922,114.6302,111.9744,117.6786,113.6602,117.8035,138.5302,115.9503,146.6221,99.09454,90.12705,93.6337,114.2423,265.4474,124.5376,85.39051,112.6738,108.6679,90.2907,114.467,122.4163,169.4334,205.8267,127.4207,107.4274,116.7731,89.02142,127.1001,101.6309,87.26677,69.35244,81.52798,62.41899,176.9628,111.1778,87.37075,111.7226,77.15642,86.81059,86.35243,61.60187,101.5063,184.2473,154.6706,90.68033,60.32866,108.6265,75.05359,65.6039,43.7338,92.12929,49.74485,88.46481,34.08534,77.45166,53.26647,56.46246,59.85021,63.44122,67.2477,71.28255,75.5595,80.09307,84.89866,89.99258,95.39213,,,,,,,,,,,,,,,,,,,,,2021/12/07 00:00:00 UTC,McCarthy,2021/12/09 16:45:39 UTC,mccarthy,"Northern Europe	",High income,OECD,GB,GBR
Singapore,,2013,CFH,"Private Consumption, Health",NTA,Millions,Nominal,86,85+,Single,Public,75804.39855,69734.36567,58256.26183,53706.21462,48937.70117,45029.9857,38774.03178,34631.62188,31509.66983,29228.07527,29664.12146,29741.22949,33697.97446,34249.53245,34720.35335,39318.34203,41825.08569,44228.58256,45591.73021,47241.13889,47433.04671,47733.60872,51599.58338,52397.77614,61848.71396,63142.61715,61711.64924,73417.94964,88655.30557,97796.26553,116816.9646,128149.9969,135026.5737,135886.2516,136664.2502,129091.6038,133513.7866,122943.289,120067.8327,120632.5524,121614.7605,115433.3582,111350.3378,105164.8373,105405.2227,110415.4713,111894.9665,119683.3638,119212.6229,123750.5231,121487.3741,119115.05,119504.4836,119495.9685,118705.0322,117114.1368,117764.7109,116058.1154,115254.6976,116805.9855,113392.9485,110998.4781,106768.5507,108885.4211,105055.972,99819.37124,99039.97324,66947.87385,52835.05074,65901.31539,57104.46067,58317.55892,67374.38812,66112.33234,62342.57807,50184.11853,41248.35726,41805.406,47209.48042,41910.00941,38821.6636,36531.39209,33337.05029,32010.70641,29661.71502,142786.888,,,,,,,,,,,,,,,,,,,,,,,,,,2018/10/09 00:00:00 UTC,Christopher GEE,2019/01/09 05:10:21 UTC,bahram,South-Eastern Asia,High-Income,,SG,SGP
Singapore,,2013,CGH,"Public Consumption, Health",NTA,Millions,Nominal,86,85+,Single,Public,48264.13006,48518.03751,44129.19844,44011.50627,42956.85931,43461.05496,40150.83476,37717.07622,35213.95889,32557.19669,32047.13564,31792.09091,34749.32183,33380.33631,31612.83721,32839.92954,32935.74684,33196.78944,33076.02864,33372.23078,34747.51131,34995.58777,37240.47442,36455.54216,40696.42775,35850.00014,32134.29812,34781.82576,38092.40837,38386.677,45526.54059,47110.1394,48032.90316,48109.99124,49269.30883,45807.86413,50094.70616,49017.13889,50822.68238,54008.79584,61547.20893,62119.61484,62975.21041,61699.49391,63486.27759,66824.43525,71407.56034,80290.34017,84065.98737,91719.82352,94900.97157,97668.23421,102577.596,106979.9674,110248.8168,114800.7891,120070.8396,121627.0358,122722.2208,125498.7581,120564.5278,119420.7545,116937.2424,122397.8743,121830.9296,120699.958,126061.9015,88950.89132,72524.83471,92779.78908,82188.22214,84825.30702,100179.1992,100853.5364,97438.63941,81088.42398,67777.95357,69788.38059,79902.67496,71287.90571,66065.46137,62147.97387,56833.13262,54961.37981,51626.17744,302797.7335,,,,,,,,,,,,,,,,,,,,,,,,,,2018/10/09 00:00:00 UTC,Christopher GEE,2019/01/09 05:10:21 UTC,bahram,South-Eastern Asia,High-Income,,SG,SGP
Singapore,,2013,CFH,"Private Consumption, Health",Smooth Mean,Units,Nominal,86,85+,Single,Public,2235.326685,1920.845242,1649.711489,1419.03492,1225.925028,1067.491304,940.8432441,843.0903397,771.4638584,723.6821648,697.5853978,691.0136962,701.8071988,727.1971729,761.9794002,800.3407909,836.4682551,864.5487031,880.9655705,890.8883944,901.6832375,920.7161623,955.3532314,1011.833082,1091.884647,1196.109436,1325.108957,1479.484718,1656.644036,1841.217463,2014.64136,2158.352089,2253.78601,2287.916954,2269.868625,2214.302198,2135.878845,2049.259742,1967.196407,1894.801734,1835.278963,1791.831334,1767.662087,1764.42188,1777.55106,1800.937389,1828.468634,1854.032559,1872.881023,1885.722257,1894.628585,1901.672334,1908.925828,1918.781709,1934.91389,1961.3166,2001.984069,2060.910527,2139.774939,2230.995216,2324.674003,2410.913946,2479.817692,2524.820784,2552.690365,2573.526471,2597.429143,2634.49842,2691.54614,2762.231343,2836.924868,2905.997554,2959.82024,2992.456087,3012.737548,3033.189394,3066.336401,3124.703341,3216.781168,3334.925552,3467.458342,3602.701389,3728.976543,3835.454878,3914.704371,3960.142224,,,,,,,,,,,,,,,,,,,,,,,,,,2018/10/09 00:00:00 UTC,Christopher GEE,2019/01/09 05:10:20 UTC,bahram,South-Eastern Asia,High-Income,,SG,SGP
Singapore,,2013,CGH,"Public Consumption, Health",Smooth Mean,Units,Nominal,86,85+,Single,Public,1423.216857,1336.437789,1249.658722,1162.879654,1076.100586,1030.297868,974.2510618,918.2042559,862.15745,806.1106441,753.6246741,738.6638223,723.7029706,708.7421188,693.781267,668.4700783,658.6885893,648.9071004,639.1256114,629.3441225,660.5362857,675.0171238,689.497962,703.9788001,718.4596383,679.105894,690.0066162,700.9073384,711.8080607,722.7087829,785.15695,793.4472901,801.7376302,810.0279702,818.3183103,785.740135,801.3870766,817.0340182,832.6809598,848.3279014,928.8041792,964.2608867,999.7175942,1035.174302,1070.631009,1089.943488,1166.866467,1243.789447,1320.712426,1397.635406,1480.006418,1559.273819,1638.54122,1717.80862,1797.076021,1922.574845,2041.187943,2159.801041,2278.41414,2397.027238,2471.698876,2593.84784,2715.996803,2838.145766,2960.29473,3111.866296,3306.108091,3500.349887,3694.591682,3888.833477,4083.075272,4226.893912,4400.966445,4564.954347,4708.772986,4901.083347,5038.503834,5216.262844,5444.445009,5672.627175,5900.80934,6128.991506,6357.173671,6585.355837,6813.538002,8397.984621,,,,,,,,,,,,,,,,,,,,,,,,,,2018/10/09 00:00:00 UTC,Christopher GEE,2019/01/09 05:10:20 UTC,bahram,South-Eastern Asia,High-Income,,SG,SGP
